danceability,energy,key,loudness,mode,speechiness,acousticness,instrumentalness,liveness,valence,tempo,type,id,uri,track_href,analysis_url,duration_ms,time_signature,artist_pop,artist,genres,track_pop,song_name,release_date
0.695,0.884,6,-2.278,0,0.0753,0.0561,0,0.213,0.914,103.014,audio_features,39LLxExYz6ewLAcYrzQQyP,spotify:track:39LLxExYz6ewLAcYrzQQyP,https://api.spotify.com/v1/tracks/39LLxExYz6ewLAcYrzQQyP,https://api.spotify.com/v1/audio-analysis/39LLxExYz6ewLAcYrzQQyP,203808,4,87,Dua Lipa,dance_pop pop uk_pop,83,Levitating,2020-03-27
0.65,0.825,0,-4.645,1,0.0325,0.0215,0.0000244,0.0936,0.593,118.091,audio_features,37BZB0z9T8Xu7U3e65qxFy,spotify:track:37BZB0z9T8Xu7U3e65qxFy,https://api.spotify.com/v1/tracks/37BZB0z9T8Xu7U3e65qxFy,https://api.spotify.com/v1/audio-analysis/37BZB0z9T8Xu7U3e65qxFy,191014,4,93,The Weeknd,canadian_contemporary_r&b canadian_pop pop,82,Save Your Tears (with Ariana Grande) (Remix),2021-04-23
0.514,0.73,1,-5.934,1,0.0598,0.00146,0.0000954,0.0897,0.334,171.005,audio_features,0VjIjW4GlUZAMYd2vXMi3b,spotify:track:0VjIjW4GlUZAMYd2vXMi3b,https://api.spotify.com/v1/tracks/0VjIjW4GlUZAMYd2vXMi3b,https://api.spotify.com/v1/audio-analysis/0VjIjW4GlUZAMYd2vXMi3b,200040,4,93,The Weeknd,canadian_contemporary_r&b canadian_pop pop,90,Blinding Lights,2020-03-20
0.701,0.716,7,-3.671,0,0.0361,0.174,0,0.324,0.732,91.007,audio_features,4jPy3l0RUwlUI9T5XHBW2m,spotify:track:4jPy3l0RUwlUI9T5XHBW2m,https://api.spotify.com/v1/tracks/4jPy3l0RUwlUI9T5XHBW2m,https://api.spotify.com/v1/audio-analysis/4jPy3l0RUwlUI9T5XHBW2m,140533,4,73,24kGoldn,cali_rap pop pop_rap rap,82,Mood (feat. iann dior),2021-03-26
0.563,0.664,9,-5.044,1,0.154,0.335,0,0.0849,0.688,166.928,audio_features,4ZtFanR9U6ndgddUvNcjcG,spotify:track:4ZtFanR9U6ndgddUvNcjcG,https://api.spotify.com/v1/tracks/4ZtFanR9U6ndgddUvNcjcG,https://api.spotify.com/v1/audio-analysis/4ZtFanR9U6ndgddUvNcjcG,178147,4,83,Olivia Rodrigo,pop,86,good 4 u,2021-05-21
0.762,0.701,8,-3.541,1,0.0286,0.235,0.000158,0.123,0.742,110.968,audio_features,748mdHapucXQri7IAO8yFK,spotify:track:748mdHapucXQri7IAO8yFK,https://api.spotify.com/v1/tracks/748mdHapucXQri7IAO8yFK,https://api.spotify.com/v1/audio-analysis/748mdHapucXQri7IAO8yFK,208867,4,86,Doja Cat,dance_pop pop,80,Kiss Me More (feat. SZA),2021-04-09
0.586,0.616,5,-7.964,1,0.0324,0.182,0,0.0927,0.719,148.088,audio_features,7MAibcTli4IisCtbHKrGMh,spotify:track:7MAibcTli4IisCtbHKrGMh,https://api.spotify.com/v1/tracks/7MAibcTli4IisCtbHKrGMh,https://api.spotify.com/v1/audio-analysis/7MAibcTli4IisCtbHKrGMh,242096,4,87,Bruno Mars,dance_pop pop,15,Leave The Door Open,2021-03-05
0.561,0.431,10,-8.81,1,0.0578,0.768,0.0000142,0.106,0.137,143.875,audio_features,5wANPM4fQCJwkGd4rN57mH,spotify:track:5wANPM4fQCJwkGd4rN57mH,https://api.spotify.com/v1/tracks/5wANPM4fQCJwkGd4rN57mH,https://api.spotify.com/v1/audio-analysis/5wANPM4fQCJwkGd4rN57mH,242013,4,83,Olivia Rodrigo,pop,86,drivers license,2021-05-21
0.593,0.503,8,-6.725,0,0.22,0.293,0,0.405,0.71,178.781,audio_features,1SC5rEoYDGUK4NfG82494W,spotify:track:1SC5rEoYDGUK4NfG82494W,https://api.spotify.com/v1/tracks/1SC5rEoYDGUK4NfG82494W,https://api.spotify.com/v1/audio-analysis/1SC5rEoYDGUK4NfG82494W,137704,4,81,Lil Nas X,lgbtq+_hip_hop pop,82,MONTERO (Call Me By Your Name),2021-09-17
0.677,0.696,0,-6.181,1,0.119,0.321,0,0.42,0.464,90.03,audio_features,4iJyoBOLtHqaGxP12qzhQI,spotify:track:4iJyoBOLtHqaGxP12qzhQI,https://api.spotify.com/v1/tracks/4iJyoBOLtHqaGxP12qzhQI,https://api.spotify.com/v1/audio-analysis/4iJyoBOLtHqaGxP12qzhQI,198082,4,89,Justin Bieber,canadian_pop pop,84,Peaches (feat. Daniel Caesar & Giveon),2021-03-19
0.759,0.459,8,-5.187,1,0.0948,0.00323,0,0.0906,0.695,109.997,audio_features,2bgTY4UwhfBYhGT4HUYStN,spotify:track:2bgTY4UwhfBYhGT4HUYStN,https://api.spotify.com/v1/tracks/2bgTY4UwhfBYhGT4HUYStN,https://api.spotify.com/v1/audio-analysis/2bgTY4UwhfBYhGT4HUYStN,164442,4,91,BTS,k-pop k-pop_boy_group,10,Butter,2021-06-04
0.591,0.764,1,-5.484,1,0.0483,0.0383,0,0.103,0.478,169.928,audio_features,5HCyWlXZPP0y6Gqq8TgA20,spotify:track:5HCyWlXZPP0y6Gqq8TgA20,https://api.spotify.com/v1/tracks/5HCyWlXZPP0y6Gqq8TgA20,https://api.spotify.com/v1/audio-analysis/5HCyWlXZPP0y6Gqq8TgA20,141806,4,80,The Kid LAROI,australian_hip_hop pop,87,STAY (with Justin Bieber),2021-07-09
0.442,0.612,2,-7.222,1,0.112,0.584,0.0000057,0.37,0.178,180.917,audio_features,6HU7h9RYOaPRFeh0R3UeAr,spotify:track:6HU7h9RYOaPRFeh0R3UeAr,https://api.spotify.com/v1/tracks/6HU7h9RYOaPRFeh0R3UeAr,https://api.spotify.com/v1/audio-analysis/6HU7h9RYOaPRFeh0R3UeAr,215507,4,83,Olivia Rodrigo,pop,86,deja vu,2021-05-21
0.737,0.802,0,-4.771,1,0.0878,0.468,0,0.0931,0.682,144.015,audio_features,35mvY5S1H3J2QZyna3TFe0,spotify:track:35mvY5S1H3J2QZyna3TFe0,https://api.spotify.com/v1/tracks/35mvY5S1H3J2QZyna3TFe0,https://api.spotify.com/v1/audio-analysis/35mvY5S1H3J2QZyna3TFe0,172325,4,88,Ariana Grande,dance_pop pop,83,positions,2020-10-30
0.807,0.893,11,-3.745,0,0.0347,0.0451,0.0000279,0.366,0.537,126.011,audio_features,3rmo8F54jFF8OgYsqTxm5d,spotify:track:3rmo8F54jFF8OgYsqTxm5d,https://api.spotify.com/v1/tracks/3rmo8F54jFF8OgYsqTxm5d,https://api.spotify.com/v1/audio-analysis/3rmo8F54jFF8OgYsqTxm5d,230747,4,89,Ed Sheeran,pop uk_pop,86,Bad Habits,2021-10-29
0.761,0.525,11,-6.9,1,0.0944,0.44,0.0000067,0.0921,0.531,80.87,audio_features,6CDzDgIUqeDY5g8ujExx2f,spotify:track:6CDzDgIUqeDY5g8ujExx2f,https://api.spotify.com/v1/tracks/6CDzDgIUqeDY5g8ujExx2f,https://api.spotify.com/v1/audio-analysis/6CDzDgIUqeDY5g8ujExx2f,238805,4,77,Glass Animals,gauze_pop indietronica shiver_pop,83,Heat Waves,2020-06-29
0.662,0.413,0,-7.357,1,0.0299,0.213,0,0.134,0.467,93.005,audio_features,27OeeYzk6klgBh83TSvGMA,spotify:track:27OeeYzk6klgBh83TSvGMA,https://api.spotify.com/v1/tracks/27OeeYzk6klgBh83TSvGMA,https://api.spotify.com/v1/audio-analysis/27OeeYzk6klgBh83TSvGMA,161385,4,80,The Kid LAROI,australian_hip_hop pop,78,WITHOUT YOU,2020-11-06
0.487,0.65,0,-5.195,1,0.0253,0.191,0,0.0933,0.456,151.964,audio_features,4DdUFOY2ums5dOOMBzoMYo,spotify:track:4DdUFOY2ums5dOOMBzoMYo,https://api.spotify.com/v1/tracks/4DdUFOY2ums5dOOMBzoMYo,https://api.spotify.com/v1/audio-analysis/4DdUFOY2ums5dOOMBzoMYo,232533,4,80,Luke Combs,contemporary_country country,46,Forever After All,2021-03-08
0.766,0.572,0,-8.902,0,0.17,0.347,0,0.197,0.556,94.063,audio_features,2cKJmkbLEg5zcar0QpioUw,spotify:track:2cKJmkbLEg5zcar0QpioUw,https://api.spotify.com/v1/tracks/2cKJmkbLEg5zcar0QpioUw,https://api.spotify.com/v1/audio-analysis/2cKJmkbLEg5zcar0QpioUw,176960,4,87,Chris Brown,dance_pop pop r&b,49,Go Crazy,2020-05-05
0.778,0.695,4,-6.865,0,0.0913,0.175,0,0.15,0.472,149.996,audio_features,3Ofmpyhv5UAQ70mENzB277,spotify:track:3Ofmpyhv5UAQ70mENzB277,https://api.spotify.com/v1/tracks/3Ofmpyhv5UAQ70mENzB277,https://api.spotify.com/v1/audio-analysis/3Ofmpyhv5UAQ70mENzB277,132780,4,67,Masked Wolf,australian_hip_hop viral_rap,78,Astronaut In The Ocean,2021-01-06
0.83,0.585,0,-6.476,1,0.094,0.237,0,0.248,0.485,109.978,audio_features,6Im9k8u9iIzKMrmV7BWtlF,spotify:track:6Im9k8u9iIzKMrmV7BWtlF,https://api.spotify.com/v1/tracks/6Im9k8u9iIzKMrmV7BWtlF,https://api.spotify.com/v1/audio-analysis/6Im9k8u9iIzKMrmV7BWtlF,173711,4,88,Ariana Grande,dance_pop pop,80,34+35,2020-10-30
0.709,0.548,10,-8.493,1,0.353,0.65,0.00000159,0.133,0.543,83.995,audio_features,1tkg4EHVoqnhR6iFEXb60y,spotify:track:1tkg4EHVoqnhR6iFEXb60y,https://api.spotify.com/v1/tracks/1tkg4EHVoqnhR6iFEXb60y,https://api.spotify.com/v1/audio-analysis/1tkg4EHVoqnhR6iFEXb60y,160000,4,82,Pop Smoke,brooklyn_drill,80,What You Know Bout Love,2020-07-03
0.731,0.675,5,-5.134,0,0.0434,0.00473,0,0.141,0.298,124.939,audio_features,7kDUspsoYfLkWnZR7qwHZl,spotify:track:7kDUspsoYfLkWnZR7qwHZl,https://api.spotify.com/v1/tracks/7kDUspsoYfLkWnZR7qwHZl,https://api.spotify.com/v1/audio-analysis/7kDUspsoYfLkWnZR7qwHZl,139461,4,79,Machine Gun Kelly,ohio_hip_hop pop pop_rap,77,my ex's best friend (with blackbear),2020-09-25
0.736,0.704,3,-7.409,0,0.0615,0.0203,0,0.0501,0.894,149.995,audio_features,27NovPIUIRrOZoCHxABJwK,spotify:track:27NovPIUIRrOZoCHxABJwK,https://api.spotify.com/v1/tracks/27NovPIUIRrOZoCHxABJwK,https://api.spotify.com/v1/audio-analysis/27NovPIUIRrOZoCHxABJwK,212000,4,81,Lil Nas X,lgbtq+_hip_hop pop,84,INDUSTRY BABY (feat. Jack Harlow),2021-07-23
0.889,0.34,11,-7.773,0,0.0697,0.218,0.13,0.055,0.716,94.009,audio_features,54bFM56PmE4YLRnqpW6Tha,spotify:track:54bFM56PmE4YLRnqpW6Tha,https://api.spotify.com/v1/tracks/54bFM56PmE4YLRnqpW6Tha,https://api.spotify.com/v1/audio-analysis/54bFM56PmE4YLRnqpW6Tha,174321,4,88,Billie Eilish,art_pop electropop pop,74,Therefore I Am,2020-11-12
0.868,0.795,11,-6.044,1,0.269,0.0012,0.0193,0.0461,0.819,166,audio_features,1XXimziG1uhM0eDNCZCrUl,spotify:track:1XXimziG1uhM0eDNCZCrUl,https://api.spotify.com/v1/tracks/1XXimziG1uhM0eDNCZCrUl,https://api.spotify.com/v1/audio-analysis/1XXimziG1uhM0eDNCZCrUl,156945,4,80,Cardi B,dance_pop pop rap,72,Up,2021-02-05
0.649,0.76,1,-6.487,1,0.0574,0.114,0,0.317,0.843,80.018,audio_features,3ZozFqJJlDBNIm4xqxn2ZD,spotify:track:3ZozFqJJlDBNIm4xqxn2ZD,https://api.spotify.com/v1/tracks/3ZozFqJJlDBNIm4xqxn2ZD,https://api.spotify.com/v1/audio-analysis/3ZozFqJJlDBNIm4xqxn2ZD,161853,4,66,Walker Hayes,contemporary_country country country_road modern_country_rock,9,Fancy Like,2021-06-04
0.731,0.573,4,-10.059,0,0.0544,0.401,0.0000522,0.113,0.145,109.928,audio_features,47EiUVwUp4C9fGccaPuUCS,spotify:track:47EiUVwUp4C9fGccaPuUCS,https://api.spotify.com/v1/tracks/47EiUVwUp4C9fGccaPuUCS,https://api.spotify.com/v1/audio-analysis/47EiUVwUp4C9fGccaPuUCS,205090,4,97,Bad Bunny,reggaeton trap_latino,82,DÁKITI,2020-10-30
0.84,0.766,4,-4.12,1,0.136,0.00302,0.00000361,0.0684,0.402,94.018,audio_features,2etHQJxIbV0soyPhelVs9Y,spotify:track:2etHQJxIbV0soyPhelVs9Y,https://api.spotify.com/v1/tracks/2etHQJxIbV0soyPhelVs9Y,https://api.spotify.com/v1/audio-analysis/2etHQJxIbV0soyPhelVs9Y,155884,4,71,Saweetie,cali_rap dance_pop pop rap trap_queen,73,Best Friend (feat. Doja Cat),2021-01-07
0.789,0.536,6,-6.862,1,0.242,0.41,0,0.129,0.437,81.039,audio_features,43PGPuHIlVOc04jrZVh9L6,spotify:track:43PGPuHIlVOc04jrZVh9L6,https://api.spotify.com/v1/tracks/43PGPuHIlVOc04jrZVh9L6,https://api.spotify.com/v1/audio-analysis/43PGPuHIlVOc04jrZVh9L6,165926,4,82,Polo G,chicago_rap,17,RAPSTAR,2021-04-09
0.449,0.465,0,-8.964,1,0.0791,0.524,0.00000102,0.303,0.543,89.087,audio_features,3FAJ6O0NOHQV8Mc5Ri6ENp,spotify:track:3FAJ6O0NOHQV8Mc5Ri6ENp,https://api.spotify.com/v1/tracks/3FAJ6O0NOHQV8Mc5Ri6ENp,https://api.spotify.com/v1/audio-analysis/3FAJ6O0NOHQV8Mc5Ri6ENp,198371,3,79,Giveon,pop r&b,83,Heartbreak Anniversary,2020-03-27
0.823,0.586,6,-6.606,0,0.2,0.114,0,0.193,0.347,125.971,audio_features,0PvFJmanyNQMseIFrU708S,spotify:track:0PvFJmanyNQMseIFrU708S,https://api.spotify.com/v1/tracks/0PvFJmanyNQMseIFrU708S,https://api.spotify.com/v1/audio-analysis/0PvFJmanyNQMseIFrU708S,190476,4,82,Pop Smoke,brooklyn_drill,80,For The Night (feat. Lil Baby & DaBaby),2020-07-03
0.907,0.393,4,-7.636,0,0.0539,0.451,0.00000135,0.135,0.202,104.949,audio_features,3J8EOeKLTLXORtWPpOU5bE,spotify:track:3J8EOeKLTLXORtWPpOU5bE,https://api.spotify.com/v1/tracks/3J8EOeKLTLXORtWPpOU5bE,https://api.spotify.com/v1/audio-analysis/3J8EOeKLTLXORtWPpOU5bE,205458,4,79,Lil Tjay,brooklyn_drill melodic_rap nyc_rap,80,Calling My Phone,2021-04-02
0.713,0.676,10,-5.483,1,0.027,0.0377,0,0.154,0.721,99.048,audio_features,5zFglKYiknIxks8geR8rcL,spotify:track:5zFglKYiknIxks8geR8rcL,https://api.spotify.com/v1/tracks/5zFglKYiknIxks8geR8rcL,https://api.spotify.com/v1/audio-analysis/5zFglKYiknIxks8geR8rcL,227395,4,84,Maroon 5,pop,80,Beautiful Mistakes (feat. Megan Thee Stallion),2021-06-11
0.673,0.704,6,-8.056,1,0.36,0.196,0,0.0898,0.372,86.919,audio_features,5u1n1kITHCxxp8twBcZxWy,spotify:track:5u1n1kITHCxxp8twBcZxWy,https://api.spotify.com/v1/tracks/5u1n1kITHCxxp8twBcZxWy,https://api.spotify.com/v1/audio-analysis/5u1n1kITHCxxp8twBcZxWy,212093,4,89,Justin Bieber,canadian_pop pop,73,Holy (feat. Chance The Rapper),2020-09-18
0.856,0.564,6,-6.295,0,0.392,0.00327,0,0.134,0.483,77.972,audio_features,4Iedi94TIaB2GGb1nMB68v,spotify:track:4Iedi94TIaB2GGb1nMB68v,https://api.spotify.com/v1/tracks/4Iedi94TIaB2GGb1nMB68v,https://api.spotify.com/v1/audio-analysis/4Iedi94TIaB2GGb1nMB68v,135960,4,89,Lil Baby,atl_hip_hop atl_trap rap trap,76,On Me,2020-12-04
0.667,0.373,4,-9.389,1,0.05,0.785,0,0.0906,0.0823,124.148,audio_features,45bE4HXI0AwGZXfZtMp8JR,spotify:track:45bE4HXI0AwGZXfZtMp8JR,https://api.spotify.com/v1/tracks/45bE4HXI0AwGZXfZtMp8JR,https://api.spotify.com/v1/audio-analysis/45bE4HXI0AwGZXfZtMp8JR,169266,4,79,Tate McRae,pop,83,you broke me first,2020-04-17
0.38,0.339,3,-7.885,1,0.0338,0.691,0,0.12,0.0849,100.607,audio_features,5CZ40GBx1sQ9agT82CLQCT,spotify:track:5CZ40GBx1sQ9agT82CLQCT,https://api.spotify.com/v1/tracks/5CZ40GBx1sQ9agT82CLQCT,https://api.spotify.com/v1/audio-analysis/5CZ40GBx1sQ9agT82CLQCT,229227,4,83,Olivia Rodrigo,pop,86,traitor,2021-05-21
0.759,0.538,8,-8.256,0,0.384,0.151,0,0.126,0.831,146.933,audio_features,7JuHVG3qQKQKxC4doneXVW,spotify:track:7JuHVG3qQKQKxC4doneXVW,https://api.spotify.com/v1/tracks/7JuHVG3qQKQKxC4doneXVW,https://api.spotify.com/v1/audio-analysis/7JuHVG3qQKQKxC4doneXVW,184490,4,70,Pooh Shiesty,memphis_hip_hop rap southern_hip_hop tennessee_hip_hop trap,70,Back In Blood (feat. Lil Durk),2020-11-06
0.563,0.576,6,-6.495,1,0.0401,0.171,0,0.158,0.412,75.019,audio_features,5cYFwgA5dHoqR3xGnlr9ew,spotify:track:5cYFwgA5dHoqR3xGnlr9ew,https://api.spotify.com/v1/tracks/5cYFwgA5dHoqR3xGnlr9ew,https://api.spotify.com/v1/audio-analysis/5cYFwgA5dHoqR3xGnlr9ew,211605,4,64,Gabby Barrett,contemporary_country country country_pop,63,I Hope (feat. Charlie Puth),2020-06-19
0.746,0.765,6,-4.41,0,0.0993,0.0112,0,0.0936,0.737,114.044,audio_features,4saklk6nie3yiGePpBwUoc,spotify:track:4saklk6nie3yiGePpBwUoc,https://api.spotify.com/v1/tracks/4saklk6nie3yiGePpBwUoc,https://api.spotify.com/v1/audio-analysis/4saklk6nie3yiGePpBwUoc,199054,4,91,BTS,k-pop k-pop_boy_group,10,Dynamite,2020-11-20
0.582,0.537,0,-9.229,1,0.619,0.129,0,0.0749,0.771,82.103,audio_features,0nqhKXDjsyBMvbeWmgijD0,spotify:track:0nqhKXDjsyBMvbeWmgijD0,https://api.spotify.com/v1/tracks/0nqhKXDjsyBMvbeWmgijD0,https://api.spotify.com/v1/audio-analysis/0nqhKXDjsyBMvbeWmgijD0,180930,4,75,Moneybagg Yo,hip_hop memphis_hip_hop rap southern_hip_hop tennessee_hip_hop trap,67,Wockesha,2021-04-23
0.828,0.621,8,-6.414,1,0.0565,0.0164,0.00233,0.0845,0.436,128.986,audio_features,0k4d5YPDr1r7FX77VdqWez,spotify:track:0k4d5YPDr1r7FX77VdqWez,https://api.spotify.com/v1/tracks/0k4d5YPDr1r7FX77VdqWez,https://api.spotify.com/v1/audio-analysis/0k4d5YPDr1r7FX77VdqWez,186173,4,86,Doja Cat,dance_pop pop,82,You Right,2021-06-25
0.853,0.426,1,-6.812,1,0.374,0.0765,0,0.104,0.201,160.051,audio_features,6toQdWWc4noiOk3Eo5mVDS,spotify:track:6toQdWWc4noiOk3Eo5mVDS,https://api.spotify.com/v1/tracks/6toQdWWc4noiOk3Eo5mVDS,https://api.spotify.com/v1/audio-analysis/6toQdWWc4noiOk3Eo5mVDS,200424,4,56,SpotemGottem,florida_rap viral_rap,59,Beat Box 3 (feat. DaBaby),2021-02-26
0.761,0.518,0,-8.871,1,0.134,0.244,0.0000347,0.107,0.522,133.976,audio_features,2SAqBLGA283SUiwJ3xOUVI,spotify:track:2SAqBLGA283SUiwJ3xOUVI,https://api.spotify.com/v1/tracks/2SAqBLGA283SUiwJ3xOUVI,https://api.spotify.com/v1/audio-analysis/2SAqBLGA283SUiwJ3xOUVI,261493,4,97,Drake,canadian_hip_hop canadian_pop hip_hop rap toronto_rap,79,Laugh Now Cry Later (feat. Lil Durk),2020-08-14
0.664,0.609,1,-6.509,1,0.0707,0.304,0,0.0926,0.194,130.041,audio_features,3Vi5XqYrmQgOYBajMWSvCi,spotify:track:3Vi5XqYrmQgOYBajMWSvCi,https://api.spotify.com/v1/tracks/3Vi5XqYrmQgOYBajMWSvCi,https://api.spotify.com/v1/audio-analysis/3Vi5XqYrmQgOYBajMWSvCi,210560,4,86,Doja Cat,dance_pop pop,82,Need to Know,2021-06-25
0.578,0.449,1,-6.349,1,0.286,0.0618,0.00000217,0.119,0.1,136.006,audio_features,65OVbaJR5O1RmwOQx0875b,spotify:track:65OVbaJR5O1RmwOQx0875b,https://api.spotify.com/v1/tracks/65OVbaJR5O1RmwOQx0875b,https://api.spotify.com/v1/audio-analysis/65OVbaJR5O1RmwOQx0875b,192956,4,97,Drake,canadian_hip_hop canadian_pop hip_hop rap toronto_rap,83,Wants and Needs (feat. Lil Baby),2021-03-05
0.803,0.597,11,-6.035,0,0.141,0.000619,0.0000045,0.323,0.331,136.008,audio_features,0k1WUmIRnG3xU6fvvDVfRG,spotify:track:0k1WUmIRnG3xU6fvvDVfRG,https://api.spotify.com/v1/tracks/0k1WUmIRnG3xU6fvvDVfRG,https://api.spotify.com/v1/audio-analysis/0k1WUmIRnG3xU6fvvDVfRG,257605,4,97,Drake,canadian_hip_hop canadian_pop hip_hop rap toronto_rap,78,Way 2 Sexy (with Future & Young Thug),2021-09-03
0.653,0.524,11,-9.016,0,0.0502,0.112,0,0.203,0.553,83.97,audio_features,6tDDoYIxWvMLTdKpjFkc1B,spotify:track:6tDDoYIxWvMLTdKpjFkc1B,https://api.spotify.com/v1/tracks/6tDDoYIxWvMLTdKpjFkc1B,https://api.spotify.com/v1/audio-analysis/6tDDoYIxWvMLTdKpjFkc1B,160191,4,79,Kali Uchis,colombian_pop pop,81,telepatía,2020-12-04
0.719,0.648,3,-7.6,0,0.125,0.2,0,0.127,0.66,140.201,audio_features,5vGLcdRuSbUhD8ScwsGSdA,spotify:track:5vGLcdRuSbUhD8ScwsGSdA,https://api.spotify.com/v1/tracks/5vGLcdRuSbUhD8ScwsGSdA,https://api.spotify.com/v1/audio-analysis/5vGLcdRuSbUhD8ScwsGSdA,123263,4,62,CJ,nyc_rap,73,Whoopty,2020-08-20
0.799,0.66,1,-6.153,0,0.079,0.256,0,0.111,0.471,140.04,audio_features,02kDW379Yfd5PzW5A6vuGt,spotify:track:02kDW379Yfd5PzW5A6vuGt,https://api.spotify.com/v1/tracks/02kDW379Yfd5PzW5A6vuGt,https://api.spotify.com/v1/audio-analysis/02kDW379Yfd5PzW5A6vuGt,195429,4,70,Internet Money,rap trap viral_rap,74,Lemonade,2020-08-14
0.436,0.655,1,-8.37,0,0.0583,0.499,0.0000081,0.688,0.412,121.002,audio_features,3YJJjQPAbDT7mGpX3WtQ9A,spotify:track:3YJJjQPAbDT7mGpX3WtQ9A,https://api.spotify.com/v1/tracks/3YJJjQPAbDT7mGpX3WtQ9A,https://api.spotify.com/v1/audio-analysis/3YJJjQPAbDT7mGpX3WtQ9A,279204,4,83,SZA,pop r&b rap,82,Good Days,2020-12-25
0.638,0.538,10,-8.445,1,0.0315,0.452,0.000415,0.0695,0.318,89.124,audio_features,3TNSVsiFngfe68UJpMq1oS,spotify:track:3TNSVsiFngfe68UJpMq1oS,https://api.spotify.com/v1/tracks/3TNSVsiFngfe68UJpMq1oS,https://api.spotify.com/v1/audio-analysis/3TNSVsiFngfe68UJpMq1oS,240413,4,76,Chris Stapleton,contemporary_country outlaw_country,63,Starting Over,2020-08-27
0.914,0.732,8,-6.1,0,0.241,0.0166,0,0.107,0.469,94.066,audio_features,0A1hoCfMLkiAgvhWkkucJa,spotify:track:0A1hoCfMLkiAgvhWkkucJa,https://api.spotify.com/v1/tracks/0A1hoCfMLkiAgvhWkkucJa,https://api.spotify.com/v1/audio-analysis/0A1hoCfMLkiAgvhWkkucJa,171067,4,79,Megan Thee Stallion,dance_pop houston_rap pop rap trap_queen,71,Body,2020-11-20
0.392,0.574,7,-9.195,1,0.17,0.833,0.00179,0.145,0.529,81.112,audio_features,0lx2cLdOt3piJbcaXIV74f,spotify:track:0lx2cLdOt3piJbcaXIV74f,https://api.spotify.com/v1/tracks/0lx2cLdOt3piJbcaXIV74f,https://api.spotify.com/v1/audio-analysis/0lx2cLdOt3piJbcaXIV74f,214707,4,100,Taylor Swift,pop,77,willow,2020-12-11
0.74,0.517,1,-6.233,0,0.0506,0.0183,0,0.0558,0.698,139.917,audio_features,4Bn3YE0E06WnPLT1VHYPb8,spotify:track:4Bn3YE0E06WnPLT1VHYPb8,https://api.spotify.com/v1/tracks/4Bn3YE0E06WnPLT1VHYPb8,https://api.spotify.com/v1/audio-analysis/4Bn3YE0E06WnPLT1VHYPb8,170858,4,75,AJR,modern_rock,50,Bang!,2020-02-12
0.552,0.225,0,-11.501,1,0.0477,0.827,0,0.111,0.67,138.002,audio_features,6gdLyYNuhWBzqwlOFSsXC7,spotify:track:6gdLyYNuhWBzqwlOFSsXC7,https://api.spotify.com/v1/tracks/6gdLyYNuhWBzqwlOFSsXC7,https://api.spotify.com/v1/audio-analysis/6gdLyYNuhWBzqwlOFSsXC7,219573,4,80,Luke Combs,contemporary_country country,74,Better Together,2019-11-08
0.575,0.609,5,-4.88,0,0.121,0.317,0,0.105,0.339,83.004,audio_features,7E2C5rBLpCKwQlhJPVFBRS,spotify:track:7E2C5rBLpCKwQlhJPVFBRS,https://api.spotify.com/v1/tracks/7E2C5rBLpCKwQlhJPVFBRS,https://api.spotify.com/v1/audio-analysis/7E2C5rBLpCKwQlhJPVFBRS,226220,4,68,Yung Bleu,alabama_rap pop_rap r&b trap,71,You’re Mines Still (feat. Drake),2020-10-15
0.477,0.727,2,-4.053,1,0.286,0.000866,0,0.108,0.227,150.062,audio_features,1EJIcDYXwSqipW5dFe4uJz,spotify:track:1EJIcDYXwSqipW5dFe4uJz,https://api.spotify.com/v1/tracks/1EJIcDYXwSqipW5dFe4uJz,https://api.spotify.com/v1/audio-analysis/1EJIcDYXwSqipW5dFe4uJz,236524,4,78,DJ Khaled,hip_hop miami_hip_hop pop_rap rap southern_hip_hop trap,77,EVERY CHANCE I GET (feat. Lil Baby & Lil Durk),2021-04-30
0.835,0.691,0,-5.828,1,0.113,0.0159,0.0000144,0.108,0.581,103.999,audio_features,1mSdbey7RstGLY2udgXv74,spotify:track:1mSdbey7RstGLY2udgXv74,https://api.spotify.com/v1/tracks/1mSdbey7RstGLY2udgXv74,https://api.spotify.com/v1/audio-analysis/1mSdbey7RstGLY2udgXv74,263289,4,77,Wizkid,afro_dancehall afropop azonto nigerian_hip_hop nigerian_pop,66,Essence (feat. Justin Bieber & Tems),2021-08-13
0.596,0.679,4,-6.395,1,0.0394,0.723,0,0.116,0.479,131.912,audio_features,1ZIKpMTRPqhwAoVXWY3tXI,spotify:track:1ZIKpMTRPqhwAoVXWY3tXI,https://api.spotify.com/v1/tracks/1ZIKpMTRPqhwAoVXWY3tXI,https://api.spotify.com/v1/audio-analysis/1ZIKpMTRPqhwAoVXWY3tXI,207974,4,59,Ryan Hurd,contemporary_country country country_pop country_road,67,Chasing After You (with Maren Morris),2021-02-12
0.519,0.552,2,-5.023,1,0.0259,0.18,0,0.149,0.331,89.957,audio_features,3hLuHKzG1cmlRpq53ZVWd8,spotify:track:3hLuHKzG1cmlRpq53ZVWd8,https://api.spotify.com/v1/tracks/3hLuHKzG1cmlRpq53ZVWd8,https://api.spotify.com/v1/audio-analysis/3hLuHKzG1cmlRpq53ZVWd8,215141,4,64,Gabby Barrett,contemporary_country country country_pop,72,The Good Ones,2020-06-19
0.721,0.738,7,-4.77,1,0.0403,0.00226,0.00000441,0.118,0.637,119.976,audio_features,4qu63nuBpdn0qHUHuObEj1,spotify:track:4qu63nuBpdn0qHUHuObEj1,https://api.spotify.com/v1/tracks/4qu63nuBpdn0qHUHuObEj1,https://api.spotify.com/v1/audio-analysis/4qu63nuBpdn0qHUHuObEj1,154983,4,82,Marshmello,brostep dance_pop edm pop pop_dance progressive_electro_house,84,Leave Before You Love Me (with Jonas Brothers),2021-05-21
0.748,0.551,11,-6.12,1,0.0349,0.235,0,0.119,0.66,103.953,audio_features,472vIK1ldetTxRxG3ovaiY,spotify:track:472vIK1ldetTxRxG3ovaiY,https://api.spotify.com/v1/tracks/472vIK1ldetTxRxG3ovaiY,https://api.spotify.com/v1/audio-analysis/472vIK1ldetTxRxG3ovaiY,144533,4,71,Dan + Shay,contemporary_country country country_road pop,68,Glad You Exist,2021-02-05
0.631,0.226,11,-7.257,0,0.0396,0.879,0,0.115,0.0765,79.968,audio_features,7HWetAoWK9qkFM575HONAY,spotify:track:7HWetAoWK9qkFM575HONAY,https://api.spotify.com/v1/tracks/7HWetAoWK9qkFM575HONAY,https://api.spotify.com/v1/audio-analysis/7HWetAoWK9qkFM575HONAY,149297,4,89,Justin Bieber,canadian_pop pop,54,Lonely (with benny blanco),2020-10-16
0.714,0.8,11,-4.808,0,0.0504,0.127,0,0.359,0.589,134.002,audio_features,3Wrjm47oTz2sjIgck11l5e,spotify:track:3Wrjm47oTz2sjIgck11l5e,https://api.spotify.com/v1/tracks/3Wrjm47oTz2sjIgck11l5e,https://api.spotify.com/v1/audio-analysis/3Wrjm47oTz2sjIgck11l5e,211560,4,79,Måneskin,indie_rock_italiano italian_pop,85,Beggin',2017-12-08
0.749,0.463,11,-8.433,1,0.0842,0.21,0.0382,0.338,0.189,90.035,audio_features,60ynsPSSKe6O3sfwRnIBRf,spotify:track:60ynsPSSKe6O3sfwRnIBRf,https://api.spotify.com/v1/tracks/60ynsPSSKe6O3sfwRnIBRf,https://api.spotify.com/v1/audio-analysis/60ynsPSSKe6O3sfwRnIBRf,226987,4,86,Doja Cat,dance_pop pop,82,Streets,2019-11-07
0.781,0.594,0,-6.959,0,0.0485,0.0136,0,0.162,0.0628,129.895,audio_features,3aQem4jVGdhtg116TmJnHz,spotify:track:3aQem4jVGdhtg116TmJnHz,https://api.spotify.com/v1/tracks/3aQem4jVGdhtg116TmJnHz,https://api.spotify.com/v1/audio-analysis/3aQem4jVGdhtg116TmJnHz,178154,4,97,Drake,canadian_hip_hop canadian_pop hip_hop rap toronto_rap,75,What’s Next,2021-03-05
0.533,0.855,6,-2.901,1,0.0356,0.0553,0,0.335,0.64,102.017,audio_features,4iXDn9pu5Q9sxv45vE8Lak,spotify:track:4iXDn9pu5Q9sxv45vE8Lak,https://api.spotify.com/v1/tracks/4iXDn9pu5Q9sxv45vE8Lak,https://api.spotify.com/v1/audio-analysis/4iXDn9pu5Q9sxv45vE8Lak,165569,4,66,Chris Young,contemporary_country country country_road,66,Famous Friends,2020-11-20
0.707,0.689,4,-7.097,0,0.0387,0.0255,0,0.383,0.41,119.987,audio_features,0NmuYnjETG3u3qx0OmEJev,spotify:track:0NmuYnjETG3u3qx0OmEJev,https://api.spotify.com/v1/tracks/0NmuYnjETG3u3qx0OmEJev,https://api.spotify.com/v1/audio-analysis/0NmuYnjETG3u3qx0OmEJev,195962,4,73,Nelly,dance_pop gangster_rap hip_hop pop_rap southern_hip_hop st_louis_rap urban_contemporary,69,Lil Bit,2020-10-23
0.95,0.693,9,-3.424,1,0.0898,0.0133,0,0.173,0.891,130.02,audio_features,5zNW5ARjYhJQJz1AChP33n,spotify:track:5zNW5ARjYhJQJz1AChP33n,https://api.spotify.com/v1/tracks/5zNW5ARjYhJQJz1AChP33n,https://api.spotify.com/v1/audio-analysis/5zNW5ARjYhJQJz1AChP33n,184635,4,79,Megan Thee Stallion,dance_pop houston_rap pop rap trap_queen,70,Thot Shit,2021-06-11
0.643,0.403,1,-11.254,0,0.41,0.343,0,0.138,0.111,98.54,audio_features,1fxYz1s15pyZLsJT0Hdh1m,spotify:track:1fxYz1s15pyZLsJT0Hdh1m,https://api.spotify.com/v1/tracks/1fxYz1s15pyZLsJT0Hdh1m,https://api.spotify.com/v1/audio-analysis/1fxYz1s15pyZLsJT0Hdh1m,174682,4,80,Roddy Ricch,melodic_rap rap trap,68,late at night,2021-06-04
0.637,0.69,1,-4.057,0,0.0405,0.00786,0,0.124,0.457,129.857,audio_features,7a53HqqArd4b9NF4XAmlbI,spotify:track:7a53HqqArd4b9NF4XAmlbI,https://api.spotify.com/v1/tracks/7a53HqqArd4b9NF4XAmlbI,https://api.spotify.com/v1/audio-analysis/7a53HqqArd4b9NF4XAmlbI,162399,4,79,Ava Max,dance_pop pop,80,Kings & Queens,2020-09-18
0.685,0.521,2,-8.285,1,0.0345,0.185,0.00000359,0.111,0.578,115.885,audio_features,2WnAKZefdRHxtBEkRjFOHC,spotify:track:2WnAKZefdRHxtBEkRjFOHC,https://api.spotify.com/v1/tracks/2WnAKZefdRHxtBEkRjFOHC,https://api.spotify.com/v1/audio-analysis/2WnAKZefdRHxtBEkRjFOHC,190779,4,89,Justin Bieber,canadian_pop pop,72,Anyone,2021-03-19
0.641,0.598,7,-5.7,0,0.324,0.381,0,0.0921,0.285,131.459,audio_features,5hChuUMe5iHfjkXgzj1D4b,spotify:track:5hChuUMe5iHfjkXgzj1D4b,https://api.spotify.com/v1/tracks/5hChuUMe5iHfjkXgzj1D4b,https://api.spotify.com/v1/audio-analysis/5hChuUMe5iHfjkXgzj1D4b,199706,5,45,Mooski,alabama_rap,59,Track Star,2021-02-09
0.912,0.608,1,-7.686,1,0.397,0.0458,0,0.248,0.327,136.994,audio_features,0YrKSfpvflYnLSBd4Jtu6J,spotify:track:0YrKSfpvflYnLSBd4Jtu6J,https://api.spotify.com/v1/tracks/0YrKSfpvflYnLSBd4Jtu6J,https://api.spotify.com/v1/audio-analysis/0YrKSfpvflYnLSBd4Jtu6J,136900,4,75,Moneybagg Yo,hip_hop memphis_hip_hop rap southern_hip_hop tennessee_hip_hop trap,69,Time Today,2021-04-23
0.957,0.437,11,-7.882,1,0.359,0.00402,0,0.219,0.616,130.058,audio_features,4aarlAfLKVCTxUDNgbwhjH,spotify:track:4aarlAfLKVCTxUDNgbwhjH,https://api.spotify.com/v1/tracks/4aarlAfLKVCTxUDNgbwhjH,https://api.spotify.com/v1/audio-analysis/4aarlAfLKVCTxUDNgbwhjH,137984,4,79,Megan Thee Stallion,dance_pop houston_rap pop rap trap_queen,67,Cry Baby (feat. DaBaby),2020-11-20
0.336,0.627,7,-7.463,1,0.0384,0.164,0,0.0708,0.35,150.273,audio_features,0bYg9bo50gSsH3LtXe2SQn,spotify:track:0bYg9bo50gSsH3LtXe2SQn,https://api.spotify.com/v1/tracks/0bYg9bo50gSsH3LtXe2SQn,https://api.spotify.com/v1/audio-analysis/0bYg9bo50gSsH3LtXe2SQn,241107,4,80,Mariah Carey,dance_pop pop urban_contemporary,89,All I Want for Christmas Is You,1994-10-28
0.827,0.394,11,-10.073,1,0.559,0.253,0,0.12,0.715,157,audio_features,5A4WcRuy0FFEAC5pAK43oa,spotify:track:5A4WcRuy0FFEAC5pAK43oa,https://api.spotify.com/v1/tracks/5A4WcRuy0FFEAC5pAK43oa,https://api.spotify.com/v1/audio-analysis/5A4WcRuy0FFEAC5pAK43oa,192880,4,61,Coi Leray,new_jersey_underground_rap r&b rap trap_queen viral_rap,53,No More Parties - Remix,2021-02-19
0.359,0.706,5,-6.151,1,0.0309,0.000602,0,0.285,0.479,174.079,audio_features,4oR2cCQGs0Yt0Mgr2diV6V,spotify:track:4oR2cCQGs0Yt0Mgr2diV6V,https://api.spotify.com/v1/tracks/4oR2cCQGs0Yt0Mgr2diV6V,https://api.spotify.com/v1/audio-analysis/4oR2cCQGs0Yt0Mgr2diV6V,171333,4,72,Thomas Rhett,contemporary_country country country_road,69,What’s Your Country Song,2021-04-30
0.697,0.535,4,-6.504,1,0.068,0.247,0,0.569,0.594,82.959,audio_features,5NUXE8W12lWcUXgJRCjeEw,spotify:track:5NUXE8W12lWcUXgJRCjeEw,https://api.spotify.com/v1/tracks/5NUXE8W12lWcUXgJRCjeEw,https://api.spotify.com/v1/audio-analysis/5NUXE8W12lWcUXgJRCjeEw,203893,4,70,Keith Urban,australian_country australian_pop contemporary_country country country_road,67,One Too Many,2020-09-16
0.45,0.329,9,-12.603,0,0.0441,0.818,0.00109,0.135,0.266,71.884,audio_features,1Xi84slp6FryDSCbzq4UCD,spotify:track:1Xi84slp6FryDSCbzq4UCD,https://api.spotify.com/v1/tracks/1Xi84slp6FryDSCbzq4UCD,https://api.spotify.com/v1/audio-analysis/1Xi84slp6FryDSCbzq4UCD,183624,3,68,Duncan Laurence,dutch_pop,79,Arcade,2019-03-07
0.644,0.648,1,-4.601,1,0.118,0.276,0,0.135,0.44,179.951,audio_features,2JPLbjOn0wPCngEot2STUS,spotify:track:2JPLbjOn0wPCngEot2STUS,https://api.spotify.com/v1/tracks/2JPLbjOn0wPCngEot2STUS,https://api.spotify.com/v1/audio-analysis/2JPLbjOn0wPCngEot2STUS,206710,4,97,Bad Bunny,reggaeton trap_latino,86,Yonaguni,2021-06-04
0.802,0.59,5,-7.189,1,0.0493,0.0874,0,0.275,0.687,138.084,audio_features,2S8UMuLJ0z8agFgFGJ6Ztt,spotify:track:2S8UMuLJ0z8agFgFGJ6Ztt,https://api.spotify.com/v1/tracks/2S8UMuLJ0z8agFgFGJ6Ztt,https://api.spotify.com/v1/audio-analysis/2S8UMuLJ0z8agFgFGJ6Ztt,214720,4,57,Niko Moon,contemporary_country,69,GOOD TIME,2021-08-27
0.456,0.679,1,-4.802,1,0.0324,0.176,0,0.103,0.483,184.075,audio_features,5f3MXmTmstozFg0BH1yPUk,spotify:track:5f3MXmTmstozFg0BH1yPUk,https://api.spotify.com/v1/tracks/5f3MXmTmstozFg0BH1yPUk,https://api.spotify.com/v1/audio-analysis/5f3MXmTmstozFg0BH1yPUk,212030,4,73,Jason Aldean,contemporary_country country country_road,2,If I Didn't Love You,2021-07-23
0.849,0.424,5,-9.579,0,0.324,0.0635,0,0.0834,0.153,145.887,audio_features,2BcMwX1MPV6ZHP4tUT9uq6,spotify:track:2BcMwX1MPV6ZHP4tUT9uq6,https://api.spotify.com/v1/tracks/2BcMwX1MPV6ZHP4tUT9uq6,https://api.spotify.com/v1/audio-analysis/2BcMwX1MPV6ZHP4tUT9uq6,242966,4,97,Drake,canadian_hip_hop canadian_pop hip_hop rap toronto_rap,83,Knife Talk (with 21 Savage ft. Project Pat),2021-09-03
0.487,0.534,0,-5.664,0,0.0555,0.36,0,0.1,0.173,131.798,audio_features,3UoULw70kMsiVXxW0L3A33,spotify:track:3UoULw70kMsiVXxW0L3A33,https://api.spotify.com/v1/tracks/3UoULw70kMsiVXxW0L3A33,https://api.spotify.com/v1/audio-analysis/3UoULw70kMsiVXxW0L3A33,201882,4,88,Ariana Grande,dance_pop pop,76,pov,2020-10-30
0.544,0.829,9,-2.84,1,0.0404,0.107,0,0.317,0.815,90.048,audio_features,5PAvFGse5jjDH9ke8Mae7D,spotify:track:5PAvFGse5jjDH9ke8Mae7D,https://api.spotify.com/v1/tracks/5PAvFGse5jjDH9ke8Mae7D,https://api.spotify.com/v1/audio-analysis/5PAvFGse5jjDH9ke8Mae7D,193880,4,59,Parmalee,contemporary_country country country_road modern_country_rock modern_uplift,4,Just the Way,2019-12-13
0.748,0.74,8,-6.01,1,0.0484,0.0107,0.0000218,0.101,0.518,121.004,audio_features,6OGogr19zPTM4BALXuMQpF,spotify:track:6OGogr19zPTM4BALXuMQpF,https://api.spotify.com/v1/tracks/6OGogr19zPTM4BALXuMQpF,https://api.spotify.com/v1/audio-analysis/6OGogr19zPTM4BALXuMQpF,220196,4,93,The Weeknd,canadian_contemporary_r&b canadian_pop pop,71,Take My Breath - Single Version,2021-08-06
0.722,0.588,6,-5.932,1,0.0544,0.0319,0,0.183,0.59,134.01,audio_features,1diS6nkxMQc3wwC4G1j0bh,spotify:track:1diS6nkxMQc3wwC4G1j0bh,https://api.spotify.com/v1/tracks/1diS6nkxMQc3wwC4G1j0bh,https://api.spotify.com/v1/audio-analysis/1diS6nkxMQc3wwC4G1j0bh,165507,4,87,Dua Lipa,dance_pop pop uk_pop,76,We're Good,2021-02-11
0.689,0.592,5,-6.758,1,0.0235,0.101,0.00867,0.11,0.919,98.997,audio_features,4mXGooManGPH6xAWRAtRJU,spotify:track:4mXGooManGPH6xAWRAtRJU,https://api.spotify.com/v1/tracks/4mXGooManGPH6xAWRAtRJU,https://api.spotify.com/v1/audio-analysis/4mXGooManGPH6xAWRAtRJU,175027,4,70,Eric Church,contemporary_country country country_road,67,Hell Of A View,2021-04-23
0.589,0.472,8,-8.749,1,0.0502,0.614,0,0.505,0.898,67.196,audio_features,2EjXfH91m7f8HiJN1yQg97,spotify:track:2EjXfH91m7f8HiJN1yQg97,https://api.spotify.com/v1/tracks/2EjXfH91m7f8HiJN1yQg97,https://api.spotify.com/v1/audio-analysis/2EjXfH91m7f8HiJN1yQg97,126267,4,70,Brenda Lee,adult_standards brill_building_pop,86,Rockin' Around The Christmas Tree,1964-10-19
0.399,0.491,6,-10.778,0,0.0538,0.0563,0.00089,0.11,0.151,91.066,audio_features,6AGOKlMZWLCaEJGnaROtF9,spotify:track:6AGOKlMZWLCaEJGnaROtF9,https://api.spotify.com/v1/tracks/6AGOKlMZWLCaEJGnaROtF9,https://api.spotify.com/v1/audio-analysis/6AGOKlMZWLCaEJGnaROtF9,210463,4,59,Ritt Momney,bedroom_pop indie_pop,75,Put Your Records On,2020-04-24
0.332,0.225,0,-8.697,1,0.0348,0.767,0.00349,0.128,0.297,81.055,audio_features,4RVwu0g32PAqgUiJoXsdF8,spotify:track:4RVwu0g32PAqgUiJoXsdF8,https://api.spotify.com/v1/tracks/4RVwu0g32PAqgUiJoXsdF8,https://api.spotify.com/v1/audio-analysis/4RVwu0g32PAqgUiJoXsdF8,298899,3,88,Billie Eilish,art_pop electropop pop,86,Happier Than Ever,2021-07-30
0.623,0.79,7,-5.07,1,0.0473,0.118,0,0.226,0.694,81.949,audio_features,1irAliF0T8sLIOPJp6n7rU,spotify:track:1irAliF0T8sLIOPJp6n7rU,https://api.spotify.com/v1/tracks/1irAliF0T8sLIOPJp6n7rU,https://api.spotify.com/v1/audio-analysis/1irAliF0T8sLIOPJp6n7rU,187684,4,68,Cole Swindell,contemporary_country country country_road modern_country_rock,63,Single Saturday Night,2020-05-22
0.659,0.683,3,-5.623,1,0.0312,0.513,0.00000493,0.133,0.397,139.931,audio_features,5QS8PNEWbqTEZyQ6e9ZbJf,spotify:track:5QS8PNEWbqTEZyQ6e9ZbJf,https://api.spotify.com/v1/tracks/5QS8PNEWbqTEZyQ6e9ZbJf,https://api.spotify.com/v1/audio-analysis/5QS8PNEWbqTEZyQ6e9ZbJf,203373,4,67,Lainey Wilson,contemporary_country country,70,Things A Man Oughta Know,2021-02-19
0.9,0.521,4,-7.286,0,0.147,0.0135,0,0.0951,0.213,132.007,audio_features,31iqpzg1ZXLLgq0L5iIwLe,spotify:track:31iqpzg1ZXLLgq0L5iIwLe,https://api.spotify.com/v1/tracks/31iqpzg1ZXLLgq0L5iIwLe,https://api.spotify.com/v1/audio-analysis/31iqpzg1ZXLLgq0L5iIwLe,218182,4,46,BRS Kash,unknown,51,Throat Baby (Go Baby),2020-07-24
0.55,0.637,8,-5.212,1,0.163,0.597,0,0.129,0.535,84.448,audio_features,3zc8VZEpM1onYV4FWGdFvm,spotify:track:3zc8VZEpM1onYV4FWGdFvm,https://api.spotify.com/v1/tracks/3zc8VZEpM1onYV4FWGdFvm,https://api.spotify.com/v1/audio-analysis/3zc8VZEpM1onYV4FWGdFvm,160078,4,78,Rod Wave,florida_rap,69,Tombstone,2021-03-26
0.627,0.678,2,-4.691,1,0.0294,0.185,0,0.374,0.724,100.032,audio_features,1UYfAU2bwgjaM5rIIPQleC,spotify:track:1UYfAU2bwgjaM5rIIPQleC,https://api.spotify.com/v1/tracks/1UYfAU2bwgjaM5rIIPQleC,https://api.spotify.com/v1/audio-analysis/1UYfAU2bwgjaM5rIIPQleC,160839,4,60,Chase Rice,contemporary_country country country_road modern_country_rock,58,Drinkin' Beer. Talkin' God. Amen. (feat. Florida Georgia Line),2020-11-30
0.78,0.718,3,-3.605,0,0.0506,0.31,0.000163,0.0932,0.342,127.949,audio_features,4fSIb4hdOQ151TILNsSEaF,spotify:track:4fSIb4hdOQ151TILNsSEaF,https://api.spotify.com/v1/tracks/4fSIb4hdOQ151TILNsSEaF,https://api.spotify.com/v1/audio-analysis/4fSIb4hdOQ151TILNsSEaF,199604,4,89,Rauw Alejandro,puerto_rican_pop trap_latino,81,Todo De Ti,2021-05-20
